{
    "att": {
        "opid": "42AH2210000010",
        "ppid": "42AH2210000010",
        "flid": "",
        "frmv": "3.1.2"
    },
    "cmd": {




        "pubk": "*042 195 826 493 279 052 222#",




        "gstw": 480,




        "gctw": 10,




        "napn": "t-mobile,xxxxxxx",




        "swch": "On",




        "read": "42AH2210000010",




        "rptm": "Rpt mode",




        "hbfq": 60



    },
    "sts": {
        "time": 202100010001,
        "udtm": 202100010001,
        "crtm": 202100010001,
        "gpss": 4,
        "gpfc": 100,
        "plat": -1.286389,
        "plon": 36.817223,
        "rcrd": 16,
        "trhd": 99,
        "tpgd": 69,
        "pgst": 1
    },
    "dta": {
        "aeng": 3177,
        "acyc": 13,
        "batp": 100,
        "inpp": 200,
        "outp": 100,
        "pckv": 23200,
        "pckc": 6,
        "rsoc": 90,
        "rcap": 4,
        "fccp": 17904,
        "pckt": 110
    },
    "dia": {
        "cv01": 3189,
        "cv02": 3189,
        "cv03": 3189,
        "cv04": 3189,
        "cv05": 3189,
        "cv06": 3189,
        "cv07": 3189,
        "cv08": 3189
    }
}